CL10C180JB8NNNC;HSW-C1/C2
CL31A106KBHNNNE;HSW-C3
GRM21BR61E226ME44L;HSW-C4
CL10A475KO8NNNC;HSW-C5
CC0603KRX7R9BB104;HSW-C6/C8
CL21B224KBFNNNE;HSW-C7
MMSZ5248B-DC;HSW-D1/D2
ZL322-2X5P;HSW-J1
SM03B-GHS-TB;HSW-J4
L-7104ZGCK;HSW-LED1/UI-LED1
AO3400A;HSW-Q1/Q5
BSS84AK.215;HSW-Q2/Q6
AO4407A;HSW-Q3/Q4
RC0603FR-07100K;HSW-R1/R11
RC0603FR-0722RL;HSW-R2
RC0603FR-0727K4L;HSW-R3
RC0603FR-0710K;HSW-R4
RC0603FR-07100R;HSW-R5/R8
RC0603FR-071M;HSW-R6/R7/R13/R15
RC0603FR-072M2;HSW-R9/R10
RC0603FR-0733KL;HSW-R12
RC1206FR-07680R;HSW-R14
RC0603FR-071K;HSW-R16
PTS810SJM250SMTRLF;HSW-SW1
BM03B-GHS-TBT;HSW-UI-J1
KSC641JLFS;HSW-UI-SW1
GHR-03V-S;HSW-CABLE
SSHL-002T-P0.2;HSW-CABLE
